"","ID","Cluster","Genus","Category"
"1","MAG_C1.1_5","73_1","g__","1"
"2","MAG_C1.2_11","73_1","g__","1"
"3","MAG_C1.3_13","73_1","g__","1"
"4","MAG_C1.4_7","73_1","g__","1"
"5","MAG_C1.5_4","73_1","g__","1"
"6","MAG_C2.1_17","73_1","g__","1"
"7","MAG_C2.2_6","73_1","g__","1"
"8","MAG_C2.3_14","73_1","g__","1"
"9","MAG_C2.4_2","73_1","g__","1"
"10","MAG_C2.5_11","73_1","g__","1"
"11","MAG_C3.1_12","73_1","g__","1"
"12","MAG_C3.2_5","73_1","g__","1"
"13","MAG_C3.3_10","73_1","g__","1"
"14","MAG_C3.4_25","73_1","g__","1"
"15","MAG_C3.5_9","73_1","g__","1"
"16","MAG_D1.1_14","173_1","g__","2"
"17","MAG_D1.3_35","113_1","g__","3"
"18","MAG_D1.4_22","72_1","g__","4"
"19","MAG_D1.4_5","113_1","g__","3"
"20","MAG_D2.2_2","113_1","g__","3"
"21","MAG_D2.2_3","172_1","g__","5"
"22","MAG_D2.3_19","172_1","g__","5"
"23","MAG_D2.3_21","113_1","g__","3"
"24","MAG_D3.1_11","171_1","g__","6"
"25","MAG_D3.3_3","172_1","g__","5"
"26","MAG_D3.4_18","72_1","g__","4"
"27","MAG_D3.4_22","172_1","g__","5"
"28","MAG_D3.5_10","172_1","g__","5"
"29","MAG_C1.1_12","107_1","g__Apibacter","1"
"30","MAG_C1.2_9","107_1","g__Apibacter","1"
"31","MAG_C1.4_5","107_1","g__Apibacter","1"
"32","MAG_C1.5_15","107_1","g__Apibacter","1"
"33","MAG_C2.1_9","107_1","g__Apibacter","1"
"34","MAG_C2.2_9","107_1","g__Apibacter","1"
"35","MAG_C2.3_12","107_1","g__Apibacter","1"
"36","MAG_C2.4_14","107_1","g__Apibacter","1"
"37","MAG_C2.5_17","107_1","g__Apibacter","1"
"38","MAG_C3.1_6","107_1","g__Apibacter","1"
"39","MAG_C3.2_15","107_1","g__Apibacter","1"
"40","MAG_C3.3_13","107_1","g__Apibacter","1"
"41","MAG_C3.4_23","107_1","g__Apibacter","1"
"42","MAG_C3.5_8","107_1","g__Apibacter","1"
"43","MAG_D1.1_28","106_1","g__Apibacter","2"
"44","MAG_D1.2_16","106_1","g__Apibacter","2"
"45","MAG_D1.4_19","106_1","g__Apibacter","2"
"46","MAG_D1.5_17","106_1","g__Apibacter","2"
"47","MAG_D2.2_14","106_1","g__Apibacter","2"
"48","MAG_D2.3_2","106_1","g__Apibacter","2"
"49","MAG_D2.5_5","106_1","g__Apibacter","2"
"50","MAG_D3.1_23","106_1","g__Apibacter","2"
"51","MAG_D3.2_25","106_1","g__Apibacter","2"
"52","MAG_D3.3_2","106_1","g__Apibacter","2"
"53","MAG_D3.4_30","106_1","g__Apibacter","2"
"54","MAG_D1.2_17","131_1","g__Apilactobacillus","1"
"55","MAG_D1.5_21","131_1","g__Apilactobacillus","1"
"56","MAG_C1.1_7","92_1","g__Bartonella","1"
"57","MAG_C1.4_17","92_1","g__Bartonella","1"
"58","MAG_C1.5_12","96_0","g__Bartonella","2"
"59","MAG_C1.5_8","92_1","g__Bartonella","1"
"60","MAG_C2.5_19","92_1","g__Bartonella","1"
"61","MAG_D1.1_16","93_1","g__Bartonella","3"
"62","MAG_D1.2_19","116_1","g__Bartonella","4"
"63","MAG_D1.3_13","93_1","g__Bartonella","3"
"64","MAG_D1.4_10","116_1","g__Bartonella","4"
"65","MAG_D1.4_17","94_1","g__Bartonella","5"
"66","MAG_D1.4_31","94_2","g__Bartonella","6"
"67","MAG_D1.5_14","93_1","g__Bartonella","3"
"68","MAG_D1.5_33","94_1","g__Bartonella","5"
"69","MAG_D1.5_8","116_1","g__Bartonella","4"
"70","MAG_D2.1_21","94_1","g__Bartonella","5"
"71","MAG_D2.3_12","93_1","g__Bartonella","3"
"72","MAG_F1.3_11","92_1","g__Bartonella","1"
"73","MAG_F2.2_3","92_1","g__Bartonella","1"
"74","MAG_M1.1_13","92_1","g__Bartonella","1"
"75","MAG_C1.1_13","14_4","g__Bifidobacterium","1"
"76","MAG_C1.2_13","14_1","g__Bifidobacterium","2"
"77","MAG_C1.3_14","17_1","g__Bifidobacterium","3"
"78","MAG_C1.4_10","14_1","g__Bifidobacterium","2"
"79","MAG_C1.5_6","14_4","g__Bifidobacterium","1"
"80","MAG_C2.1_18","22_1","g__Bifidobacterium","4"
"81","MAG_C2.2_7","14_1","g__Bifidobacterium","2"
"82","MAG_C2.4_10","14_3","g__Bifidobacterium","5"
"83","MAG_C2.5_13","22_1","g__Bifidobacterium","4"
"84","MAG_C3.1_2","14_3","g__Bifidobacterium","5"
"85","MAG_C3.1_4","22_1","g__Bifidobacterium","4"
"86","MAG_C3.2_14","22_1","g__Bifidobacterium","4"
"87","MAG_C3.2_7","14_3","g__Bifidobacterium","5"
"88","MAG_C3.3_16","22_1","g__Bifidobacterium","4"
"89","MAG_C3.3_9","14_4","g__Bifidobacterium","1"
"90","MAG_C3.5_1","14_3","g__Bifidobacterium","5"
"91","MAG_D1.1_18","22_2","g__Bifidobacterium","6"
"92","MAG_D1.1_20","20_1","g__Bifidobacterium","7"
"93","MAG_D1.2_24","22_2","g__Bifidobacterium","6"
"94","MAG_D1.2_26","6_1","g__Bifidobacterium","8"
"95","MAG_D1.2_40","20_1","g__Bifidobacterium","7"
"96","MAG_D1.3_16","22_2","g__Bifidobacterium","6"
"97","MAG_D1.3_22","6_1","g__Bifidobacterium","8"
"98","MAG_D1.3_33","20_1","g__Bifidobacterium","7"
"99","MAG_D1.4_1","6_1","g__Bifidobacterium","8"
"100","MAG_D1.4_13","20_1","g__Bifidobacterium","7"
"101","MAG_D1.4_26","22_2","g__Bifidobacterium","6"
"102","MAG_D1.5_10","20_1","g__Bifidobacterium","7"
"103","MAG_D1.5_19","6_1","g__Bifidobacterium","8"
"104","MAG_D1.5_9","22_2","g__Bifidobacterium","6"
"105","MAG_D2.1_11","22_2","g__Bifidobacterium","6"
"106","MAG_D2.1_14","6_1","g__Bifidobacterium","8"
"107","MAG_D2.1_18","20_1","g__Bifidobacterium","7"
"108","MAG_D2.2_10","6_1","g__Bifidobacterium","8"
"109","MAG_D2.3_6","20_1","g__Bifidobacterium","7"
"110","MAG_D2.5_12","6_1","g__Bifidobacterium","8"
"111","MAG_D2.5_14","20_1","g__Bifidobacterium","7"
"112","MAG_D2.5_3","22_2","g__Bifidobacterium","6"
"113","MAG_D3.2_24","22_2","g__Bifidobacterium","6"
"114","MAG_D3.2_5","20_1","g__Bifidobacterium","7"
"115","MAG_D3.3_10","22_2","g__Bifidobacterium","6"
"116","MAG_D3.3_4","20_1","g__Bifidobacterium","7"
"117","MAG_D3.4_11","6_1","g__Bifidobacterium","8"
"118","MAG_D3.4_14","20_1","g__Bifidobacterium","7"
"119","MAG_D3.4_27","22_2","g__Bifidobacterium","6"
"120","MAG_D3.5_1","22_2","g__Bifidobacterium","6"
"121","MAG_F1.1_5","14_2","g__Bifidobacterium","9"
"122","MAG_F1.2_3","14_2","g__Bifidobacterium","9"
"123","MAG_F1.3_10","14_2","g__Bifidobacterium","9"
"124","MAG_F1.4_2","14_2","g__Bifidobacterium","9"
"125","MAG_F1.5_5","14_2","g__Bifidobacterium","9"
"126","MAG_F2.1_1","14_2","g__Bifidobacterium","9"
"127","MAG_F2.2_7","14_2","g__Bifidobacterium","9"
"128","MAG_F2.3_3","14_2","g__Bifidobacterium","9"
"129","MAG_F3.5_3","20_1","g__Bifidobacterium","7"
"130","MAG_F3.5_4","14_2","g__Bifidobacterium","9"
"131","MAG_M1.4_24","16_2","g__Bifidobacterium","10"
"132","MAG_D3.2_11","87_1","g__Bombella","1"
"133","MAG_F1.5_4","88_0","g__Bombella","2"
"134","MAG_F2.2_10","87_1","g__Bombella","1"
"135","MAG_C1.2_12","33_1","g__Bombilactobacillus","1"
"136","MAG_C1.2_16","69_1","g__Bombilactobacillus","2"
"137","MAG_C1.4_1","69_1","g__Bombilactobacillus","2"
"138","MAG_C1.5_2","69_1","g__Bombilactobacillus","2"
"139","MAG_C2.1_1","33_1","g__Bombilactobacillus","1"
"140","MAG_C2.2_3","33_1","g__Bombilactobacillus","1"
"141","MAG_C2.2_5","69_1","g__Bombilactobacillus","2"
"142","MAG_C2.3_10","69_1","g__Bombilactobacillus","2"
"143","MAG_C2.3_9","33_1","g__Bombilactobacillus","1"
"144","MAG_C2.4_16","69_1","g__Bombilactobacillus","2"
"145","MAG_C2.5_20","69_1","g__Bombilactobacillus","2"
"146","MAG_C3.4_20","69_1","g__Bombilactobacillus","2"
"147","MAG_C3.4_30","33_1","g__Bombilactobacillus","1"
"148","MAG_D1.1_27","70_1","g__Bombilactobacillus","3"
"149","MAG_D3.4_13","33_1","g__Bombilactobacillus","1"
"150","MAG_D3.4_31","71_1","g__Bombilactobacillus","4"
"151","MAG_F1.2_1","69_1","g__Bombilactobacillus","2"
"152","MAG_F1.2_4","33_1","g__Bombilactobacillus","1"
"153","MAG_F1.3_4","69_1","g__Bombilactobacillus","2"
"154","MAG_F1.3_8","33_1","g__Bombilactobacillus","1"
"155","MAG_F1.4_3","69_1","g__Bombilactobacillus","2"
"156","MAG_F2.1_2","33_1","g__Bombilactobacillus","1"
"157","MAG_F2.1_3","69_1","g__Bombilactobacillus","2"
"158","MAG_F2.2_8","69_1","g__Bombilactobacillus","2"
"159","MAG_F2.3_1","69_1","g__Bombilactobacillus","2"
"160","MAG_F2.3_5","33_1","g__Bombilactobacillus","1"
"161","MAG_F2.4_2","69_1","g__Bombilactobacillus","2"
"162","MAG_F3.2_3","69_1","g__Bombilactobacillus","2"
"163","MAG_F3.4_4","69_1","g__Bombilactobacillus","2"
"164","MAG_M1.1_17","69_1","g__Bombilactobacillus","2"
"165","MAG_M1.1_6","33_1","g__Bombilactobacillus","1"
"166","MAG_M1.2_15","33_1","g__Bombilactobacillus","1"
"167","MAG_M1.2_18","69_1","g__Bombilactobacillus","2"
"168","MAG_M1.3_10","69_1","g__Bombilactobacillus","2"
"169","MAG_M1.3_5","33_1","g__Bombilactobacillus","1"
"170","MAG_M1.4_6","33_1","g__Bombilactobacillus","1"
"171","MAG_M1.4_8","69_1","g__Bombilactobacillus","2"
"172","MAG_M1.5_3","69_1","g__Bombilactobacillus","2"
"173","MAG_M1.5_8","33_1","g__Bombilactobacillus","1"
"174","MAG_D1.2_29","85_1","g__Commensalibacter","1"
"175","MAG_D1.3_10","85_1","g__Commensalibacter","1"
"176","MAG_D1.4_20","85_1","g__Commensalibacter","1"
"177","MAG_D1.5_44","85_1","g__Commensalibacter","1"
"178","MAG_D3.1_19","85_1","g__Commensalibacter","1"
"179","MAG_D3.2_13","85_1","g__Commensalibacter","1"
"180","MAG_D3.4_16","85_1","g__Commensalibacter","1"
"181","MAG_D3.5_7","85_1","g__Commensalibacter","1"
"182","MAG_M1.1_2","84_1","g__Commensalibacter","2"
"183","MAG_M1.2_11","84_1","g__Commensalibacter","2"
"184","MAG_M1.3_6","84_1","g__Commensalibacter","2"
"185","MAG_M1.4_16","84_1","g__Commensalibacter","2"
"186","MAG_M1.5_12","84_1","g__Commensalibacter","2"
"187","MAG_C1.2_10","79_1","g__Dysgonomonas","1"
"188","MAG_C1.4_18","79_1","g__Dysgonomonas","1"
"189","MAG_C1.5_19","79_1","g__Dysgonomonas","1"
"190","MAG_C2.1_16","79_1","g__Dysgonomonas","1"
"191","MAG_C2.5_14","79_1","g__Dysgonomonas","1"
"192","MAG_C3.5_3","79_1","g__Dysgonomonas","1"
"193","MAG_D1.1_23","83_1","g__Dysgonomonas","2"
"194","MAG_D1.1_8","77_1","g__Dysgonomonas","3"
"195","MAG_D1.1_9","80_1","g__Dysgonomonas","4"
"196","MAG_D1.2_2","77_1","g__Dysgonomonas","3"
"197","MAG_D1.2_21","81_1","g__Dysgonomonas","5"
"198","MAG_D1.2_25","83_1","g__Dysgonomonas","2"
"199","MAG_D1.2_5","80_1","g__Dysgonomonas","4"
"200","MAG_D1.3_29","83_1","g__Dysgonomonas","2"
"201","MAG_D1.3_9","80_1","g__Dysgonomonas","4"
"202","MAG_D1.4_23","81_1","g__Dysgonomonas","5"
"203","MAG_D1.4_24","80_1","g__Dysgonomonas","4"
"204","MAG_D1.4_35","83_1","g__Dysgonomonas","2"
"205","MAG_D1.5_1","80_1","g__Dysgonomonas","4"
"206","MAG_D1.5_29","83_1","g__Dysgonomonas","2"
"207","MAG_D1.5_45","82_1","g__Dysgonomonas","6"
"208","MAG_D1.5_46","77_1","g__Dysgonomonas","3"
"209","MAG_D2.2_12","80_1","g__Dysgonomonas","4"
"210","MAG_D2.2_16","83_1","g__Dysgonomonas","2"
"211","MAG_D2.2_5","82_1","g__Dysgonomonas","6"
"212","MAG_D2.3_15","77_1","g__Dysgonomonas","3"
"213","MAG_D2.3_16","83_1","g__Dysgonomonas","2"
"214","MAG_D2.3_29","80_1","g__Dysgonomonas","4"
"215","MAG_D2.3_4","82_1","g__Dysgonomonas","6"
"216","MAG_D2.5_11","82_1","g__Dysgonomonas","6"
"217","MAG_D2.5_18","77_1","g__Dysgonomonas","3"
"218","MAG_D2.5_26","83_1","g__Dysgonomonas","2"
"219","MAG_D3.1_12","83_1","g__Dysgonomonas","2"
"220","MAG_D3.1_15","77_1","g__Dysgonomonas","3"
"221","MAG_D3.1_5","80_1","g__Dysgonomonas","4"
"222","MAG_D3.2_1","77_1","g__Dysgonomonas","3"
"223","MAG_D3.2_3","81_1","g__Dysgonomonas","5"
"224","MAG_D3.3_1","83_1","g__Dysgonomonas","2"
"225","MAG_D3.3_8","80_1","g__Dysgonomonas","4"
"226","MAG_D3.4_10","81_1","g__Dysgonomonas","5"
"227","MAG_D3.4_12","77_1","g__Dysgonomonas","3"
"228","MAG_D3.4_25","82_1","g__Dysgonomonas","6"
"229","MAG_D3.4_29","83_1","g__Dysgonomonas","2"
"230","MAG_D3.4_3","80_1","g__Dysgonomonas","4"
"231","MAG_D3.5_6","80_1","g__Dysgonomonas","4"
"232","MAG_D1.3_12","181_0","g__Enterobacter","1"
"233","MAG_D1.2_32","169_1","g__Entomomonas","2"
"234","MAG_D1.3_1","169_1","g__Entomomonas","2"
"235","MAG_D1.4_18","169_1","g__Entomomonas","2"
"236","MAG_D1.5_43","169_1","g__Entomomonas","2"
"237","MAG_D2.2_11","169_1","g__Entomomonas","2"
"238","MAG_D2.3_30","169_1","g__Entomomonas","2"
"239","MAG_D3.1_26","169_1","g__Entomomonas","2"
"240","MAG_D3.2_4","169_1","g__Entomomonas","2"
"241","MAG_D3.4_20","169_1","g__Entomomonas","2"
"242","MAG_F1.3_7","76_0","g__Floricoccus","1"
"243","MAG_C1.1_9","137_1","g__Frischella","1"
"244","MAG_C1.2_14","137_1","g__Frischella","1"
"245","MAG_C1.4_8","137_1","g__Frischella","1"
"246","MAG_C1.5_11","137_1","g__Frischella","1"
"247","MAG_C2.5_8","137_1","g__Frischella","1"
"248","MAG_C3.4_12","137_1","g__Frischella","1"
"249","MAG_C3.5_7","137_1","g__Frischella","1"
"250","MAG_D1.1_15","141_1","g__Frischella","2"
"251","MAG_D1.1_21","140_1","g__Frischella","3"
"252","MAG_D1.2_3","141_1","g__Frischella","2"
"253","MAG_D1.3_34","141_1","g__Frischella","2"
"254","MAG_D1.4_11","141_1","g__Frischella","2"
"255","MAG_D1.4_33","140_1","g__Frischella","3"
"256","MAG_D1.5_31","140_1","g__Frischella","3"
"257","MAG_D1.5_39","141_1","g__Frischella","2"
"258","MAG_D2.2_22","141_1","g__Frischella","2"
"259","MAG_D2.3_11","141_1","g__Frischella","2"
"260","MAG_D2.4_4","141_1","g__Frischella","2"
"261","MAG_D2.5_1","140_1","g__Frischella","3"
"262","MAG_D2.5_16","141_1","g__Frischella","2"
"263","MAG_D3.1_10","140_1","g__Frischella","3"
"264","MAG_D3.1_18","141_1","g__Frischella","2"
"265","MAG_D3.2_9","141_1","g__Frischella","2"
"266","MAG_D3.4_23","140_1","g__Frischella","3"
"267","MAG_D3.4_28","141_1","g__Frischella","2"
"268","MAG_M1.1_1","139_1","g__Frischella","4"
"269","MAG_M1.2_2","139_1","g__Frischella","4"
"270","MAG_M1.4_20","134_1","g__Frischella","5"
"271","MAG_C1.1_3","167_1","g__Gilliamella","1"
"272","MAG_C1.1_4","165_1","g__Gilliamella","2"
"273","MAG_C1.2_1","167_1","g__Gilliamella","1"
"274","MAG_C1.2_8","160_2","g__Gilliamella","3"
"275","MAG_C1.3_4","160_2","g__Gilliamella","3"
"276","MAG_C1.3_5","165_1","g__Gilliamella","2"
"277","MAG_C1.4_9","167_1","g__Gilliamella","1"
"278","MAG_C1.5_16","167_1","g__Gilliamella","1"
"279","MAG_C1.5_21","165_1","g__Gilliamella","2"
"280","MAG_C2.1_11","162_2","g__Gilliamella","4"
"281","MAG_C2.1_12","167_1","g__Gilliamella","1"
"282","MAG_C2.2_10","167_1","g__Gilliamella","1"
"283","MAG_C2.2_14","162_1","g__Gilliamella","5"
"284","MAG_C2.2_8","165_1","g__Gilliamella","2"
"285","MAG_C2.3_11","167_1","g__Gilliamella","1"
"286","MAG_C2.3_17","165_1","g__Gilliamella","2"
"287","MAG_C2.3_6","162_1","g__Gilliamella","5"
"288","MAG_C2.4_12","165_1","g__Gilliamella","2"
"289","MAG_C2.4_3","167_1","g__Gilliamella","1"
"290","MAG_C2.5_15","165_1","g__Gilliamella","2"
"291","MAG_C2.5_7","167_1","g__Gilliamella","1"
"292","MAG_C3.1_7","167_1","g__Gilliamella","1"
"293","MAG_C3.2_1","160_1","g__Gilliamella","6"
"294","MAG_C3.2_6","165_1","g__Gilliamella","2"
"295","MAG_C3.2_8","167_1","g__Gilliamella","1"
"296","MAG_C3.3_7","160_2","g__Gilliamella","3"
"297","MAG_C3.4_10","167_1","g__Gilliamella","1"
"298","MAG_C3.5_13","167_1","g__Gilliamella","1"
"299","MAG_C3.5_5","165_1","g__Gilliamella","2"
"300","MAG_D1.1_12","167_1","g__Gilliamella","1"
"301","MAG_D1.1_13","150_1","g__Gilliamella","7"
"302","MAG_D1.1_25","162_2","g__Gilliamella","4"
"303","MAG_D1.2_13","155_1","g__Gilliamella","8"
"304","MAG_D1.2_35","167_1","g__Gilliamella","1"
"305","MAG_D1.2_43","162_2","g__Gilliamella","4"
"306","MAG_D1.4_21","157_1","g__Gilliamella","9"
"307","MAG_D1.4_32","155_1","g__Gilliamella","8"
"308","MAG_D1.5_18","167_1","g__Gilliamella","1"
"309","MAG_D1.5_23","136_0","g__Gilliamella","10"
"310","MAG_D1.5_37","165_1","g__Gilliamella","2"
"311","MAG_D2.3_27","158_1","g__Gilliamella","11"
"312","MAG_D2.5_10","167_1","g__Gilliamella","1"
"313","MAG_D3.1_2","155_1","g__Gilliamella","8"
"314","MAG_D3.2_15","157_1","g__Gilliamella","9"
"315","MAG_D3.4_2","155_1","g__Gilliamella","8"
"316","MAG_D3.5_11","152_2","g__Gilliamella","12"
"317","MAG_D3.5_8","157_1","g__Gilliamella","9"
"318","MAG_M1.2_16","163_1","g__Gilliamella","13"
"319","MAG_M1.2_17","142_1","g__Gilliamella","14"
"320","MAG_M1.3_3","166_1","g__Gilliamella","14"
"321","MAG_M1.3_7","163_2","g__Gilliamella","15"
"322","MAG_M1.4_13","163_2","g__Gilliamella","15"
"323","MAG_M1.4_23","163_1","g__Gilliamella","13"
"324","MAG_M1.5_10","166_1","g__Gilliamella","14"
"325","MAG_M1.5_2","163_2","g__Gilliamella","15"
"326","MAG_D2.3_17","178_0","g__Hafnia","1"
"327","MAG_C3.4_24","177_0","g__JAATFO01","1"
"328","MAG_D1.5_5","179_0","g__Klebsiella","1"
"329","MAG_F2.2_5","180_0","g__Klebsiella","2"
"330","MAG_C1.5_18","40_2","g__Lactobacillus","1"
"331","MAG_C2.1_19","40_2","g__Lactobacillus","1"
"332","MAG_C2.1_2","63_1","g__Lactobacillus","2"
"333","MAG_C2.2_4","41_1","g__Lactobacillus","3"
"334","MAG_C2.3_3","40_2","g__Lactobacillus","1"
"335","MAG_C2.4_8","40_2","g__Lactobacillus","1"
"336","MAG_C3.1_5","40_2","g__Lactobacillus","1"
"337","MAG_C3.3_5","40_2","g__Lactobacillus","1"
"338","MAG_C3.4_26","41_1","g__Lactobacillus","3"
"339","MAG_D1.1_29","52_1","g__Lactobacillus","4"
"340","MAG_D1.1_3","49_1","g__Lactobacillus","5"
"341","MAG_D1.1_5","48_1","g__Lactobacillus","6"
"342","MAG_D1.2_20","52_1","g__Lactobacillus","4"
"343","MAG_D1.2_31","48_1","g__Lactobacillus","6"
"344","MAG_D1.3_18","60_1","g__Lactobacillus","7"
"345","MAG_D1.3_21","48_1","g__Lactobacillus","6"
"346","MAG_D1.3_3","52_1","g__Lactobacillus","4"
"347","MAG_D1.4_36","52_1","g__Lactobacillus","4"
"348","MAG_D1.5_15","49_1","g__Lactobacillus","5"
"349","MAG_D1.5_36","52_1","g__Lactobacillus","4"
"350","MAG_D2.1_15","52_1","g__Lactobacillus","4"
"351","MAG_D2.2_9","52_1","g__Lactobacillus","4"
"352","MAG_D2.3_18","52_1","g__Lactobacillus","4"
"353","MAG_D2.5_22","52_1","g__Lactobacillus","4"
"354","MAG_D3.1_1","52_1","g__Lactobacillus","4"
"355","MAG_D3.1_21","49_1","g__Lactobacillus","5"
"356","MAG_D3.2_18","52_1","g__Lactobacillus","4"
"357","MAG_D3.2_2","48_1","g__Lactobacillus","6"
"358","MAG_D3.3_13","52_1","g__Lactobacillus","4"
"359","MAG_D3.4_19","52_1","g__Lactobacillus","4"
"360","MAG_D3.4_4","49_1","g__Lactobacillus","5"
"361","MAG_D3.4_9","48_1","g__Lactobacillus","6"
"362","MAG_D3.5_3","52_1","g__Lactobacillus","4"
"363","MAG_D3.5_9","49_1","g__Lactobacillus","5"
"364","MAG_F1.1_4","57_1","g__Lactobacillus","8"
"365","MAG_F1.2_5","57_1","g__Lactobacillus","8"
"366","MAG_F1.3_12","57_1","g__Lactobacillus","8"
"367","MAG_F1.3_6","63_1","g__Lactobacillus","2"
"368","MAG_F1.4_5","57_1","g__Lactobacillus","8"
"369","MAG_F1.5_3","57_1","g__Lactobacillus","8"
"370","MAG_F2.1_5","57_1","g__Lactobacillus","8"
"371","MAG_F2.2_4","57_1","g__Lactobacillus","8"
"372","MAG_F2.3_2","57_1","g__Lactobacillus","8"
"373","MAG_F2.3_6","40_2","g__Lactobacillus","1"
"374","MAG_F2.4_1","63_2","g__Lactobacillus","9"
"375","MAG_F2.4_3","57_1","g__Lactobacillus","8"
"376","MAG_F2.5_2","57_1","g__Lactobacillus","8"
"377","MAG_F3.1_1","57_1","g__Lactobacillus","8"
"378","MAG_F3.2_1","57_1","g__Lactobacillus","8"
"379","MAG_F3.3_1","57_1","g__Lactobacillus","8"
"380","MAG_F3.4_3","40_2","g__Lactobacillus","1"
"381","MAG_F3.4_7","57_1","g__Lactobacillus","8"
"382","MAG_F3.5_1","57_1","g__Lactobacillus","8"
"383","MAG_M1.2_10","36_1","g__Lactobacillus","10"
"384","MAG_M1.3_11","40_1","g__Lactobacillus","11"
"385","MAG_M1.3_13","36_1","g__Lactobacillus","10"
"386","MAG_M1.3_14","38_1","g__Lactobacillus","12"
"387","MAG_M1.4_1","36_1","g__Lactobacillus","10"
"388","MAG_M1.5_1","36_1","g__Lactobacillus","10"
"389","MAG_D3.2_16","183_0","g__Pantoea","1"
"390","MAG_D1.2_4","111_1","g__Parolsenella","1"
"391","MAG_D1.3_14","111_1","g__Parolsenella","1"
"392","MAG_D2.1_7","111_1","g__Parolsenella","1"
"393","MAG_D2.3_28","111_1","g__Parolsenella","1"
"394","MAG_D2.4_7","111_1","g__Parolsenella","1"
"395","MAG_C1.1_14","114_1","g__Pectinatus","1"
"396","MAG_C1.2_2","114_1","g__Pectinatus","1"
"397","MAG_C1.3_12","114_1","g__Pectinatus","1"
"398","MAG_C1.5_1","114_1","g__Pectinatus","1"
"399","MAG_D1.1_1","114_1","g__Pectinatus","1"
"400","MAG_D1.2_6","114_1","g__Pectinatus","1"
"401","MAG_D1.3_11","114_1","g__Pectinatus","1"
"402","MAG_D1.4_25","114_1","g__Pectinatus","1"
"403","MAG_D1.5_12","114_1","g__Pectinatus","1"
"404","MAG_D2.1_4","114_1","g__Pectinatus","1"
"405","MAG_D2.2_19","114_1","g__Pectinatus","1"
"406","MAG_D2.3_5","114_1","g__Pectinatus","1"
"407","MAG_D2.4_9","114_1","g__Pectinatus","1"
"408","MAG_D2.5_25","114_1","g__Pectinatus","1"
"409","MAG_D1.1_24","129_1","g__Saezia","1"
"410","MAG_D1.2_7","129_1","g__Saezia","1"
"411","MAG_D1.3_15","129_1","g__Saezia","1"
"412","MAG_D1.3_17","130_1","g__Saezia","2"
"413","MAG_D1.4_16","129_1","g__Saezia","1"
"414","MAG_D1.4_29","130_1","g__Saezia","2"
"415","MAG_D1.5_13","129_1","g__Saezia","1"
"416","MAG_D2.1_12","129_1","g__Saezia","1"
"417","MAG_D2.2_17","129_1","g__Saezia","1"
"418","MAG_D2.3_23","129_1","g__Saezia","1"
"419","MAG_D2.4_15","129_1","g__Saezia","1"
"420","MAG_D2.5_24","129_1","g__Saezia","1"
"421","MAG_D3.1_16","130_1","g__Saezia","2"
"422","MAG_D3.1_9","129_1","g__Saezia","1"
"423","MAG_D3.2_14","129_1","g__Saezia","1"
"424","MAG_D3.2_23","130_1","g__Saezia","2"
"425","MAG_D3.3_17","129_1","g__Saezia","1"
"426","MAG_D3.4_21","129_1","g__Saezia","1"
"427","MAG_D3.4_32","130_1","g__Saezia","2"
"428","MAG_D3.5_17","129_1","g__Saezia","1"
"429","MAG_C1.1_17","121_2","g__Snodgrassella","1"
"430","MAG_C1.1_2","123_1","g__Snodgrassella","2"
"431","MAG_C1.2_15","121_2","g__Snodgrassella","1"
"432","MAG_C1.3_10","121_2","g__Snodgrassella","1"
"433","MAG_C1.3_6","123_1","g__Snodgrassella","2"
"434","MAG_C1.4_11","121_2","g__Snodgrassella","1"
"435","MAG_C1.5_10","123_1","g__Snodgrassella","2"
"436","MAG_C1.5_7","121_2","g__Snodgrassella","1"
"437","MAG_C2.1_5","121_2","g__Snodgrassella","1"
"438","MAG_C2.1_7","123_1","g__Snodgrassella","2"
"439","MAG_C2.2_11","123_1","g__Snodgrassella","2"
"440","MAG_C2.3_19","121_2","g__Snodgrassella","1"
"441","MAG_C2.3_8","123_1","g__Snodgrassella","2"
"442","MAG_C2.4_11","121_2","g__Snodgrassella","1"
"443","MAG_C2.4_13","123_1","g__Snodgrassella","2"
"444","MAG_C2.5_18","123_1","g__Snodgrassella","2"
"445","MAG_C3.1_1","123_1","g__Snodgrassella","2"
"446","MAG_C3.1_3","121_2","g__Snodgrassella","1"
"447","MAG_C3.2_13","121_2","g__Snodgrassella","1"
"448","MAG_C3.2_9","123_1","g__Snodgrassella","2"
"449","MAG_C3.3_14","123_1","g__Snodgrassella","2"
"450","MAG_C3.3_6","121_2","g__Snodgrassella","1"
"451","MAG_C3.4_14","121_2","g__Snodgrassella","1"
"452","MAG_D1.4_34","124_0","g__Snodgrassella","3"
"453","MAG_M1.1_3","122_1","g__Snodgrassella","4"
"454","MAG_M1.1_7","117_1","g__Snodgrassella","5"
"455","MAG_M1.2_7","117_1","g__Snodgrassella","5"
"456","MAG_M1.2_9","122_1","g__Snodgrassella","4"
"457","MAG_M1.3_12","117_1","g__Snodgrassella","5"
"458","MAG_M1.3_2","122_1","g__Snodgrassella","4"
"459","MAG_M1.4_18","122_1","g__Snodgrassella","4"
"460","MAG_M1.5_11","117_1","g__Snodgrassella","5"
"461","MAG_M1.5_6","122_1","g__Snodgrassella","4"
"462","MAG_C1.4_6","31_1","g__Spiroplasma","1"
"463","MAG_C2.1_6","31_1","g__Spiroplasma","1"
"464","MAG_C3.5_6","31_1","g__Spiroplasma","1"
"465","MAG_M1.1_12","31_1","g__Spiroplasma","1"
"466","MAG_D1.2_37","1_1","g__WRHT01","1"
"467","MAG_D1.3_5","1_1","g__WRHT01","1"
"468","MAG_D1.4_15","1_1","g__WRHT01","1"
"469","MAG_D1.5_30","1_1","g__WRHT01","1"
"470","MAG_D2.1_8","1_1","g__WRHT01","1"
"471","MAG_D2.2_13","1_1","g__WRHT01","1"
"472","MAG_D2.3_1","1_1","g__WRHT01","1"
"473","MAG_C3.4_11","100_0","g__Zymobacter","1"
"474","MAG_C3.4_16","101_0","g__Zymobacter","2"
"475","MAG_C3.4_18","104_0","g__Zymobacter","3"
